
-- Category
INSERT INTO "category" (cat_id,cat_name) VALUES (1,'Alcohol');
INSERT INTO "category" (cat_id,cat_name) VALUES (2,'Fresh Produce');
INSERT INTO "category" (cat_id,cat_name) VALUES (3,'Bread');
INSERT INTO "category" (cat_id,cat_name) VALUES (4,'Dairy/Eggs');
INSERT INTO "category" (cat_id,cat_name) VALUES (5,'Chilled');
INSERT INTO "category" (cat_id,cat_name) VALUES (6,'Toiletry');
INSERT INTO "category" (cat_id,cat_name) VALUES (7,'Cleaning');
INSERT INTO "category" (cat_id,cat_name) VALUES (8,'Frozen');
INSERT INTO "category" (cat_id,cat_name) VALUES (9,'Beverage');
INSERT INTO "category" (cat_id,cat_name) VALUES (10,'Confectionary');
INSERT INTO "category" (cat_id,cat_name) VALUES (11,'Biscuits');
INSERT INTO "category" (cat_id,cat_name) VALUES (12,'Canned/Jarred');
INSERT INTO "category" (cat_id,cat_name) VALUES (13,'Pets');
INSERT INTO "category" (cat_id,cat_name) VALUES (14,'Savoury');
INSERT INTO "category" (cat_id,cat_name) VALUES (15,'Cereal');
INSERT INTO "category" (cat_id,cat_name) VALUES (16,'Healthcare');
INSERT INTO "category" (cat_id,cat_name) VALUES (17,'Paper');
INSERT INTO "category" (cat_id,cat_name) VALUES (18,'Tobacco');
INSERT INTO "category" (cat_id,cat_name) VALUES (19,'Miscellaneous');
INSERT INTO "category" (cat_id,cat_name) VALUES (20,'Condiments');
INSERT INTO "category" (cat_id,cat_name) VALUES (21,'Baking');
INSERT INTO "category" (cat_id,cat_name) VALUES (22,'Grains/Pasta');
INSERT INTO "category" (cat_id,cat_name) VALUES (23,'Baby');
INSERT INTO "category" (cat_id,cat_name) VALUES (24,'Spices');
INSERT INTO "category" (cat_id,cat_name) VALUES (25,'Other');

-- Staff
INSERT INTO "staff" ("staff_id","fname","lname","staff_email","password","role") VALUES (1,'Jack','Wilson','J.Wilson@gmail.com','admin','Assistant');
INSERT INTO "staff" ("staff_id","fname","lname","staff_email","password","role") VALUES (2,'Harry','Menovosa','H.Menovosa@gmail.com','admin','Supervisor');
INSERT INTO "staff" ("staff_id","fname","lname","staff_email","password","role") VALUES (3,'Raj','Sharma','R.Sharma@gmail.com','admin','Owner');
INSERT INTO "staff" ("staff_id","fname","lname","staff_email","password","role") VALUES (4,'Claire','Tudisco','C.Tudisco@gmail.com','admin','Assistant');

-- Supplier
INSERT INTO "supplier" ("supplier_id","supplier_name","supplier_address","supplier_city","supplier_telephone","supplier_email") VALUES (1,'PriceCheck','4577 Tuckahoe St','Birmingham','1-811-4024','customerservice@pricecheck.co.uk');
INSERT INTO "supplier" ("supplier_id","supplier_name","supplier_address","supplier_city","supplier_telephone","supplier_email") VALUES (2,'Abra Wholesale','15 Crookston Lane','Manchester','1-741-2965','Supplier.DelRosso@abrawholesales.com');
INSERT INTO "supplier" ("supplier_id","supplier_name","supplier_address","supplier_city","supplier_telephone","supplier_email") VALUES (3,'Bestway','6 W. Sunnyside Ave.','Downham Market','1-659-301-1546','T.Stannard3@bestway.com');
INSERT INTO "supplier" ("supplier_id","supplier_name","supplier_address","supplier_city","supplier_telephone","supplier_email") VALUES (4,'Costco','78 Chehalis Road','Walmer','1-850-481-0006','customerservic@costco.co.uk');
INSERT INTO "supplier" ("supplier_id","supplier_name","supplier_address","supplier_city","supplier_telephone","supplier_email") VALUES (5,'Pound Wholesale','7588 Tremont Street','Hessle','947-072-3027','S.Allen@poundwholesale.co.uk');
INSERT INTO "supplier" ("supplier_id","supplier_name","supplier_address","supplier_city","supplier_telephone","supplier_email") VALUES (6,'Galler Foods','6121 Sungrave Lane','Painswick','127-856-2498','enquiries@gallerfoods.com');
INSERT INTO "supplier" ("supplier_id","supplier_name","supplier_address","supplier_city","supplier_telephone","supplier_email") VALUES (7,'Leafly','215 New London Street','London','459-1492','P.Conley@leafly.com');

-- Product Order
INSERT INTO "productorder" ("order_id","staff_id","order_date") VALUES (1,3,'24.02.2021');
INSERT INTO "productorder" ("order_id","staff_id","order_date") VALUES (2,3,'05.03.2021');
INSERT INTO "productorder" ("order_id","staff_id","order_date") VALUES (3,3,'12.04.2021');

-- Order Details
INSERT INTO "orderdetails" ("order_id","prod_id","supplier_id","supplier_price","order_quantity","order_total") VALUES (1,3,7,12,30,360);
INSERT INTO "orderdetails" ("order_id","prod_id","supplier_id","supplier_price","order_quantity","order_total") VALUES (1,16,2,20,20,400);
INSERT INTO "orderdetails" ("order_id","prod_id","supplier_id","supplier_price","order_quantity","order_total") VALUES (1,50,7,0.40,100,40);
INSERT INTO "orderdetails" ("order_id","prod_id","supplier_id","supplier_price","order_quantity","order_total") VALUES (1,61,5,1.00,60,60);
INSERT INTO "orderdetails" ("order_id","prod_id","supplier_id","supplier_price","order_quantity","order_total") VALUES (2,37,5,0.40,40,24);
INSERT INTO "orderdetails" ("order_id","prod_id","supplier_id","supplier_price","order_quantity","order_total") VALUES (2,40,5,0.45,70,31.5);
INSERT INTO "orderdetails" ("order_id","prod_id","supplier_id","supplier_price","order_quantity","order_total") VALUES (3,46,3,0.40,100,40);

-- Product Supplier
INSERT INTO "productsupplier" ("prod_id","supplier_id") VALUES (1,2);
INSERT INTO "productsupplier" ("prod_id","supplier_id") VALUES (2,3);
INSERT INTO "productsupplier" ("prod_id","supplier_id") VALUES (3,6);
INSERT INTO "productsupplier" ("prod_id","supplier_id") VALUES (4,4);
INSERT INTO "productsupplier" ("prod_id","supplier_id") VALUES (5,2);
INSERT INTO "productsupplier" ("prod_id","supplier_id") VALUES (6,6);
INSERT INTO "productsupplier" ("prod_id","supplier_id") VALUES (7,6);
INSERT INTO "productsupplier" ("prod_id","supplier_id") VALUES (8,5);
INSERT INTO "productsupplier" ("prod_id","supplier_id") VALUES (9,3);
INSERT INTO "productsupplier" ("prod_id","supplier_id") VALUES (10,5);
INSERT INTO "productsupplier" ("prod_id","supplier_id") VALUES (11,4);
INSERT INTO "productsupplier" ("prod_id","supplier_id") VALUES (12,2);
INSERT INTO "productsupplier" ("prod_id","supplier_id") VALUES (13,5);
INSERT INTO "productsupplier" ("prod_id","supplier_id") VALUES (14,2);
INSERT INTO "productsupplier" ("prod_id","supplier_id") VALUES (15,2);
INSERT INTO "productsupplier" ("prod_id","supplier_id") VALUES (16,4);
INSERT INTO "productsupplier" ("prod_id","supplier_id") VALUES (17,7);
INSERT INTO "productsupplier" ("prod_id","supplier_id") VALUES (18,2);
INSERT INTO "productsupplier" ("prod_id","supplier_id") VALUES (19,6);
INSERT INTO "productsupplier" ("prod_id","supplier_id") VALUES (20,3);
INSERT INTO "productsupplier" ("prod_id","supplier_id") VALUES (21,5);
INSERT INTO "productsupplier" ("prod_id","supplier_id") VALUES (22,5);
INSERT INTO "productsupplier" ("prod_id","supplier_id") VALUES (23,4);
INSERT INTO "productsupplier" ("prod_id","supplier_id") VALUES (24,4);
INSERT INTO "productsupplier" ("prod_id","supplier_id") VALUES (25,4);
INSERT INTO "productsupplier" ("prod_id","supplier_id") VALUES (26,1);
INSERT INTO "productsupplier" ("prod_id","supplier_id") VALUES (27,3);
INSERT INTO "productsupplier" ("prod_id","supplier_id") VALUES (28,7);
INSERT INTO "productsupplier" ("prod_id","supplier_id") VALUES (29,6);
INSERT INTO "productsupplier" ("prod_id","supplier_id") VALUES (30,6);
INSERT INTO "productsupplier" ("prod_id","supplier_id") VALUES (31,7);
INSERT INTO "productsupplier" ("prod_id","supplier_id") VALUES (32,3);
INSERT INTO "productsupplier" ("prod_id","supplier_id") VALUES (33,5);
INSERT INTO "productsupplier" ("prod_id","supplier_id") VALUES (34,4);
INSERT INTO "productsupplier" ("prod_id","supplier_id") VALUES (35,7);
INSERT INTO "productsupplier" ("prod_id","supplier_id") VALUES (36,5);
INSERT INTO "productsupplier" ("prod_id","supplier_id") VALUES (37,5);
INSERT INTO "productsupplier" ("prod_id","supplier_id") VALUES (38,4);
INSERT INTO "productsupplier" ("prod_id","supplier_id") VALUES (39,5);
INSERT INTO "productsupplier" ("prod_id","supplier_id") VALUES (40,5);
INSERT INTO "productsupplier" ("prod_id","supplier_id") VALUES (41,6);
INSERT INTO "productsupplier" ("prod_id","supplier_id") VALUES (42,7);
INSERT INTO "productsupplier" ("prod_id","supplier_id") VALUES (43,6);
INSERT INTO "productsupplier" ("prod_id","supplier_id") VALUES (44,6);
INSERT INTO "productsupplier" ("prod_id","supplier_id") VALUES (45,6);
INSERT INTO "productsupplier" ("prod_id","supplier_id") VALUES (46,3);
INSERT INTO "productsupplier" ("prod_id","supplier_id") VALUES (47,5);
INSERT INTO "productsupplier" ("prod_id","supplier_id") VALUES (48,2);
INSERT INTO "productsupplier" ("prod_id","supplier_id") VALUES (49,2);
INSERT INTO "productsupplier" ("prod_id","supplier_id") VALUES (50,7);
INSERT INTO "productsupplier" ("prod_id","supplier_id") VALUES (51,6);
INSERT INTO "productsupplier" ("prod_id","supplier_id") VALUES (52,6);
INSERT INTO "productsupplier" ("prod_id","supplier_id") VALUES (53,5);
INSERT INTO "productsupplier" ("prod_id","supplier_id") VALUES (54,2);
INSERT INTO "productsupplier" ("prod_id","supplier_id") VALUES (55,6);
INSERT INTO "productsupplier" ("prod_id","supplier_id") VALUES (56,2);
INSERT INTO "productsupplier" ("prod_id","supplier_id") VALUES (57,7);
INSERT INTO "productsupplier" ("prod_id","supplier_id") VALUES (58,6);
INSERT INTO "productsupplier" ("prod_id","supplier_id") VALUES (59,4);
INSERT INTO "productsupplier" ("prod_id","supplier_id") VALUES (60,4);
INSERT INTO "productsupplier" ("prod_id","supplier_id") VALUES (61,7);
INSERT INTO "productsupplier" ("prod_id","supplier_id") VALUES (62,4);
INSERT INTO "productsupplier" ("prod_id","supplier_id") VALUES (63,4);
INSERT INTO "productsupplier" ("prod_id","supplier_id") VALUES (64,5);
INSERT INTO "productsupplier" ("prod_id","supplier_id") VALUES (65,6);
INSERT INTO "productsupplier" ("prod_id","supplier_id") VALUES (66,5);
INSERT INTO "productsupplier" ("prod_id","supplier_id") VALUES (67,1);
INSERT INTO "productsupplier" ("prod_id","supplier_id") VALUES (68,1);
INSERT INTO "productsupplier" ("prod_id","supplier_id") VALUES (69,3);
INSERT INTO "productsupplier" ("prod_id","supplier_id") VALUES (70,3);
INSERT INTO "productsupplier" ("prod_id","supplier_id") VALUES (71,1);
INSERT INTO "productsupplier" ("prod_id","supplier_id") VALUES (72,2);
INSERT INTO "productsupplier" ("prod_id","supplier_id") VALUES (73,3);
INSERT INTO "productsupplier" ("prod_id","supplier_id") VALUES (74,3);
INSERT INTO "productsupplier" ("prod_id","supplier_id") VALUES (75,1);
INSERT INTO "productsupplier" ("prod_id","supplier_id") VALUES (76,1);
INSERT INTO "productsupplier" ("prod_id","supplier_id") VALUES (77,4);
INSERT INTO "productsupplier" ("prod_id","supplier_id") VALUES (78,7);
INSERT INTO "productsupplier" ("prod_id","supplier_id") VALUES (79,1);
INSERT INTO "productsupplier" ("prod_id","supplier_id") VALUES (80,3);
INSERT INTO "productsupplier" ("prod_id","supplier_id") VALUES (81,3);
INSERT INTO "productsupplier" ("prod_id","supplier_id") VALUES (82,7);
INSERT INTO "productsupplier" ("prod_id","supplier_id") VALUES (83,2);
INSERT INTO "productsupplier" ("prod_id","supplier_id") VALUES (84,4);
INSERT INTO "productsupplier" ("prod_id","supplier_id") VALUES (85,6);
INSERT INTO "productsupplier" ("prod_id","supplier_id") VALUES (86,7);
INSERT INTO "productsupplier" ("prod_id","supplier_id") VALUES (87,4);
INSERT INTO "productsupplier" ("prod_id","supplier_id") VALUES (88,7);
INSERT INTO "productsupplier" ("prod_id","supplier_id") VALUES (89,7);
INSERT INTO "productsupplier" ("prod_id","supplier_id") VALUES (90,4);
INSERT INTO "productsupplier" ("prod_id","supplier_id") VALUES (91,7);
INSERT INTO "productsupplier" ("prod_id","supplier_id") VALUES (92,3);
INSERT INTO "productsupplier" ("prod_id","supplier_id") VALUES (93,7);
INSERT INTO "productsupplier" ("prod_id","supplier_id") VALUES (94,4);
INSERT INTO "productsupplier" ("prod_id","supplier_id") VALUES (95,1);
INSERT INTO "productsupplier" ("prod_id","supplier_id") VALUES (96,5);
INSERT INTO "productsupplier" ("prod_id","supplier_id") VALUES (97,3);
INSERT INTO "productsupplier" ("prod_id","supplier_id") VALUES (98,7);
INSERT INTO "productsupplier" ("prod_id","supplier_id") VALUES (99,5);
INSERT INTO "productsupplier" ("prod_id","supplier_id") VALUES (100,4);
INSERT INTO "productsupplier" ("prod_id","supplier_id") VALUES (101,5);
INSERT INTO "productsupplier" ("prod_id","supplier_id") VALUES (102,7);
INSERT INTO "productsupplier" ("prod_id","supplier_id") VALUES (103,6);
INSERT INTO "productsupplier" ("prod_id","supplier_id") VALUES (104,2);
INSERT INTO "productsupplier" ("prod_id","supplier_id") VALUES (105,6);
INSERT INTO "productsupplier" ("prod_id","supplier_id") VALUES (106,2);
INSERT INTO "productsupplier" ("prod_id","supplier_id") VALUES (107,6);
INSERT INTO "productsupplier" ("prod_id","supplier_id") VALUES (108,2);
INSERT INTO "productsupplier" ("prod_id","supplier_id") VALUES (109,1);
INSERT INTO "productsupplier" ("prod_id","supplier_id") VALUES (110,2);
INSERT INTO "productsupplier" ("prod_id","supplier_id") VALUES (111,1);
INSERT INTO "productsupplier" ("prod_id","supplier_id") VALUES (112,4);
INSERT INTO "productsupplier" ("prod_id","supplier_id") VALUES (113,3);
INSERT INTO "productsupplier" ("prod_id","supplier_id") VALUES (114,6);
INSERT INTO "productsupplier" ("prod_id","supplier_id") VALUES (115,6);
INSERT INTO "productsupplier" ("prod_id","supplier_id") VALUES (116,7);
INSERT INTO "productsupplier" ("prod_id","supplier_id") VALUES (117,1);
INSERT INTO "productsupplier" ("prod_id","supplier_id") VALUES (118,1);
INSERT INTO "productsupplier" ("prod_id","supplier_id") VALUES (119,1);
INSERT INTO "productsupplier" ("prod_id","supplier_id") VALUES (120,3);
INSERT INTO "productsupplier" ("prod_id","supplier_id") VALUES (121,2);
INSERT INTO "productsupplier" ("prod_id","supplier_id") VALUES (122,4);
INSERT INTO "productsupplier" ("prod_id","supplier_id") VALUES (123,3);
INSERT INTO "productsupplier" ("prod_id","supplier_id") VALUES (124,6);
INSERT INTO "productsupplier" ("prod_id","supplier_id") VALUES (125,4);
INSERT INTO "productsupplier" ("prod_id","supplier_id") VALUES (126,7);
INSERT INTO "productsupplier" ("prod_id","supplier_id") VALUES (127,1);
INSERT INTO "productsupplier" ("prod_id","supplier_id") VALUES (128,4);
INSERT INTO "productsupplier" ("prod_id","supplier_id") VALUES (129,1);
INSERT INTO "productsupplier" ("prod_id","supplier_id") VALUES (130,6);
INSERT INTO "productsupplier" ("prod_id","supplier_id") VALUES (131,5);
INSERT INTO "productsupplier" ("prod_id","supplier_id") VALUES (132,2);
INSERT INTO "productsupplier" ("prod_id","supplier_id") VALUES (133,5);
INSERT INTO "productsupplier" ("prod_id","supplier_id") VALUES (134,7);
INSERT INTO "productsupplier" ("prod_id","supplier_id") VALUES (135,4);
INSERT INTO "productsupplier" ("prod_id","supplier_id") VALUES (136,3);
INSERT INTO "productsupplier" ("prod_id","supplier_id") VALUES (137,4);
INSERT INTO "productsupplier" ("prod_id","supplier_id") VALUES (138,2);
INSERT INTO "productsupplier" ("prod_id","supplier_id") VALUES (139,1);
INSERT INTO "productsupplier" ("prod_id","supplier_id") VALUES (140,5);
INSERT INTO "productsupplier" ("prod_id","supplier_id") VALUES (141,4);
INSERT INTO "productsupplier" ("prod_id","supplier_id") VALUES (142,4);
INSERT INTO "productsupplier" ("prod_id","supplier_id") VALUES (143,2);
INSERT INTO "productsupplier" ("prod_id","supplier_id") VALUES (144,7);
INSERT INTO "productsupplier" ("prod_id","supplier_id") VALUES (145,4);
INSERT INTO "productsupplier" ("prod_id","supplier_id") VALUES (146,4);
INSERT INTO "productsupplier" ("prod_id","supplier_id") VALUES (147,6);
INSERT INTO "productsupplier" ("prod_id","supplier_id") VALUES (148,1);
INSERT INTO "productsupplier" ("prod_id","supplier_id") VALUES (149,5);
INSERT INTO "productsupplier" ("prod_id","supplier_id") VALUES (150,3);
INSERT INTO "productsupplier" ("prod_id","supplier_id") VALUES (151,1);
INSERT INTO "productsupplier" ("prod_id","supplier_id") VALUES (152,5);
INSERT INTO "productsupplier" ("prod_id","supplier_id") VALUES (153,5);
INSERT INTO "productsupplier" ("prod_id","supplier_id") VALUES (154,2);
INSERT INTO "productsupplier" ("prod_id","supplier_id") VALUES (155,7);
INSERT INTO "productsupplier" ("prod_id","supplier_id") VALUES (156,5);
INSERT INTO "productsupplier" ("prod_id","supplier_id") VALUES (157,2);
INSERT INTO "productsupplier" ("prod_id","supplier_id") VALUES (158,6);
INSERT INTO "productsupplier" ("prod_id","supplier_id") VALUES (159,3);
INSERT INTO "productsupplier" ("prod_id","supplier_id") VALUES (160,7);
INSERT INTO "productsupplier" ("prod_id","supplier_id") VALUES (161,3);
INSERT INTO "productsupplier" ("prod_id","supplier_id") VALUES (162,5);
INSERT INTO "productsupplier" ("prod_id","supplier_id") VALUES (163,5);
INSERT INTO "productsupplier" ("prod_id","supplier_id") VALUES (164,5);
INSERT INTO "productsupplier" ("prod_id","supplier_id") VALUES (165,7);
INSERT INTO "productsupplier" ("prod_id","supplier_id") VALUES (166,3);
INSERT INTO "productsupplier" ("prod_id","supplier_id") VALUES (167,7);
INSERT INTO "productsupplier" ("prod_id","supplier_id") VALUES (168,1);
INSERT INTO "productsupplier" ("prod_id","supplier_id") VALUES (169,5);
INSERT INTO "productsupplier" ("prod_id","supplier_id") VALUES (170,2);
INSERT INTO "productsupplier" ("prod_id","supplier_id") VALUES (171,1);

-- Products
INSERT INTO "product" ("prod_id","cat_id","sku","prod_name","prod_brand","prod_size","colour","prod_price","location","is_available","available_quantity","is_discount","discount","manufactured") VALUES (1,1,'AB-VK-70','Absolut Vodka','Absolut','70cl',NULL,16.00,'CO1',True,13,False,NULL,'09/01/2020');
INSERT INTO "product" ("prod_id","cat_id","sku","prod_name","prod_brand","prod_size","colour","prod_price","location","is_available","available_quantity","is_discount","discount","manufactured") VALUES (2,1,'RU-STD-VK-70','Russian Standard Vodka','Russian Std','1L',NULL,21.00,'CO1',True,10,False,NULL,'11/12/2020');
INSERT INTO "product" ("prod_id","cat_id","sku","prod_name","prod_brand","prod_size","colour","prod_price","location","is_available","available_quantity","is_discount","discount","manufactured") VALUES (3,1,'SMI-PRM-VK-100','Smirnoff Premium Vodka','Smirnoff','1L',NULL,19.99,'CO1',False,0,False,NULL,'11/12/2020');
INSERT INTO "product" ("prod_id","cat_id","sku","prod_name","prod_brand","prod_size","colour","prod_price","location","is_available","available_quantity","is_discount","discount","manufactured") VALUES (4,1,'GD-LDN-GIN-100','Gordons Special London Dry Gin','Gordons','1L','Green',20.99,'CO2',True,15,False,NULL,'08/12/2020');
INSERT INTO "product" ("prod_id","cat_id","sku","prod_name","prod_brand","prod_size","colour","prod_price","location","is_available","available_quantity","is_discount","discount","manufactured") VALUES (5,1,'GD-PIN-GIN-100','Gordons Premium Pink Distilled Gin','Gordons','1L','Pink',20.99,'CO2',True,2,False,NULL,'18/12/2020');
INSERT INTO "product" ("prod_id","cat_id","sku","prod_name","prod_brand","prod_size","colour","prod_price","location","is_available","available_quantity","is_discount","discount","manufactured") VALUES (6,1,'CPM-GLD-RUM-70','Captain Morgan Spiced Gold Rum','Captain Morgan','70cl',NULL,16.99,'CO3',True,10,False,NULL,'15/12/2020');
INSERT INTO "product" ("prod_id","cat_id","sku","prod_name","prod_brand","prod_size","colour","prod_price","location","is_available","available_quantity","is_discount","discount","manufactured") VALUES (7,1,'BC-WHI-RUM-100','Bacardi Carta Blanca White Rum','Barcardi','1L',NULL,20.45,'CO3',True,11,False,NULL,'15/12/2020');
INSERT INTO "product" ("prod_id","cat_id","sku","prod_name","prod_brand","prod_size","colour","prod_price","location","is_available","available_quantity","is_discount","discount","manufactured") VALUES (8,1,'WN-WHI-RUM-70','Wray & Nephew White Overproof Rum','W&N','70cl',NULL,29.99,'CO3',True,5,False,NULL,'20/12/2020');
INSERT INTO "product" ("prod_id","cat_id","sku","prod_name","prod_brand","prod_size","colour","prod_price","location","is_available","available_quantity","is_discount","discount","manufactured") VALUES (9,1,'AB-VK-100','Absolut Vodka','Absolut','1L',NULL,16.00,'CO1',True,2,True,NULL,'11/12/2020');
INSERT INTO "product" ("prod_id","cat_id","sku","prod_name","prod_brand","prod_size","colour","prod_price","location","is_available","available_quantity","is_discount","discount","manufactured") VALUES (10,1,'RU-STD-VK-100','Russian Standard Vodka','Russian Std','70cl','CO1',16.99,'C1',True,5,False,NULL,'15/12/2020');
INSERT INTO "product" ("prod_id","cat_id","sku","prod_name","prod_brand","prod_size","colour","prod_price","location","is_available","available_quantity","is_discount","discount","manufactured") VALUES (11,1,'SMI-PRM-VK-70','Smirnoff Premium Vodka','Smirnoff','70cl',NULL,15.99,'CO1',True,7,False,NULL,'02/12/2020');
INSERT INTO "product" ("prod_id","cat_id","sku","prod_name","prod_brand","prod_size","colour","prod_price","location","is_available","available_quantity","is_discount","discount","manufactured") VALUES (12,1,'GD-LDN-GIN-70','Gordons Special London Dry Gin','Gordons','70cl','Green',15.45,'CO2',True,7,False,NULL,'07/12/2020');
INSERT INTO "product" ("prod_id","cat_id","sku","prod_name","prod_brand","prod_size","colour","prod_price","location","is_available","available_quantity","is_discount","discount","manufactured") VALUES (13,1,'GD-PIN-GIN-70','Gordons Premium Pink Distilled Gin','Gordons','70cl','Pink',15.45,'CO2',True,2,False,NULL,'07/12/2020');
INSERT INTO "product" ("prod_id","cat_id","sku","prod_name","prod_brand","prod_size","colour","prod_price","location","is_available","available_quantity","is_discount","discount","manufactured") VALUES (14,1,'CPM-GLD-RUM-100','Captain Morgan Spiced Gold Rum','Captain Morgan','1L',NULL,22.99,'CO3',True,19,False,NULL,'21/12/2020');
INSERT INTO "product" ("prod_id","cat_id","sku","prod_name","prod_brand","prod_size","colour","prod_price","location","is_available","available_quantity","is_discount","discount","manufactured") VALUES (15,1,'BC-WHI-RUM-70','Bacardi Carta Blanca White Rum','Bacardi','Suite','70cl',16.45,'CO3',True,16,False,NULL,'17/12/2020');
INSERT INTO "product" ("prod_id","cat_id","sku","prod_name","prod_brand","prod_size","colour","prod_price","location","is_available","available_quantity","is_discount","discount","manufactured") VALUES (16,1,'WN-WHI-RUM-100','Wray & Nephew White Overproof Rum','W&N','1L',NULL,33.99,'CO3',False,0,False,NULL,'05/12/2020');

INSERT INTO "product" ("prod_id","cat_id","sku","prod_name","prod_brand","prod_size","colour","prod_price","location","is_available","available_quantity","is_discount","discount") VALUES (17,2,'AP-GR-1','Apple','Leafly','Single','Green',0.60,'F',True,15,False,NULL);
INSERT INTO "product" ("prod_id","cat_id","sku","prod_name","prod_brand","prod_size","colour","prod_price","location","is_available","available_quantity","is_discount","discount") VALUES (18,2,'BAN-LF-1','Banana','Leafly','Single',NULL,0.50,'F',True,13,False,NULL);
INSERT INTO "product" ("prod_id","cat_id","sku","prod_name","prod_brand","prod_size","colour","prod_price","location","is_available","available_quantity","is_discount","discount") VALUES (19,2,'GRP-LF-RED','Grapes','Leafly','300g','Red',1.50,'F',True,6,False,NULL);
INSERT INTO "product" ("prod_id","cat_id","sku","prod_name","prod_brand","prod_size","colour","prod_price","location","is_available","available_quantity","is_discount","discount") VALUES (20,2,'STR-LF-200','Strawberries','Leafly','200g','Red',1.50,'F',True,4,True,0.1);
INSERT INTO "product" ("prod_id","cat_id","sku","prod_name","prod_brand","prod_size","colour","prod_price","location","is_available","available_quantity","is_discount","discount") VALUES (21,2,'POT-PAC-500','Potato','Pacific','500g',NULL,2.00,'F',True,4,False,NULL);
INSERT INTO "product" ("prod_id","cat_id","sku","prod_name","prod_brand","prod_size","colour","prod_price","location","is_available","available_quantity","is_discount","discount") VALUES (22,2,'TOM-PAC-250','Tomato','Pacific','250g',NULL,1.00,'F',True,20,False,NULL);
INSERT INTO "product" ("prod_id","cat_id","sku","prod_name","prod_brand","prod_size","colour","prod_price","location","is_available","available_quantity","is_discount","discount") VALUES (23,2,'PEP-HOM-1','Pepper','Homebread','Single','Red',0.50,'F',True,15,False,NULL);
INSERT INTO "product" ("prod_id","cat_id","sku","prod_name","prod_brand","prod_size","colour","prod_price","location","is_available","available_quantity","is_discount","discount") VALUES (24,2,'CAR-PAC-500','Carrot','Pacific',NULL,'500g',1.00,'F',True,13,False,NULL);
INSERT INTO "product" ("prod_id","cat_id","sku","prod_name","prod_brand","prod_size","colour","prod_price","location","is_available","available_quantity","is_discount","discount") VALUES (25,2,'ONI-KTC-500','Onion','KTC','500g',NULL,1.20,'F',True,20,False,NULL);
INSERT INTO "product" ("prod_id","cat_id","sku","prod_name","prod_brand","prod_size","colour","prod_price","location","is_available","available_quantity","is_discount","discount") VALUES (26,2,'SPI-HOM-250','Spinach','Homebread','250g','Green',1.99,'F',True,3,False,NULL);
INSERT INTO "product" ("prod_id","cat_id","sku","prod_name","prod_brand","prod_size","colour","prod_price","location","is_available","available_quantity","is_discount","discount") VALUES (27,2,'AP-GR-3','Apple','Leafly','3 Pack','Green',1.50,'F',True,17,False,NULL);
INSERT INTO "product" ("prod_id","cat_id","sku","prod_name","prod_brand","prod_size","colour","prod_price","location","is_available","available_quantity","is_discount","discount") VALUES (28,2,'BAN-LF-5','Banana','Leafly','5 Pack',NULL,1.99,'F',True,1,False,NULL);
INSERT INTO "product" ("prod_id","cat_id","sku","prod_name","prod_brand","prod_size","colour","prod_price","location","is_available","available_quantity","is_discount","discount") VALUES (29,2,'GRP-LF-GRN','Grapes','Leafly','300g','Green',1.50,'F',True,14,False,NULL);
INSERT INTO "product" ("prod_id","cat_id","sku","prod_name","prod_brand","prod_size","colour","prod_price","location","is_available","available_quantity","is_discount","discount") VALUES (30,2,'STR-LF-500','Strawberries','Leafly','500g',NULL,3.00,'F',True,12,True,0.1);
INSERT INTO "product" ("prod_id","cat_id","sku","prod_name","prod_brand","prod_size","colour","prod_price","location","is_available","available_quantity","is_discount","discount") VALUES (31,2,'POT-PAC-250','Potato','Pacific','250g',NULL,1.00,'F',True,2,False,NULL);
INSERT INTO "product" ("prod_id","cat_id","sku","prod_name","prod_brand","prod_size","colour","prod_price","location","is_available","available_quantity","is_discount","discount") VALUES (32,2,'TOM-PAC-500','Tomato','Pacific','500g',NULL,1.80,'F',True,7,False,NULL);
INSERT INTO "product" ("prod_id","cat_id","sku","prod_name","prod_brand","prod_size","colour","prod_price","location","is_available","available_quantity","is_discount","discount") VALUES (33,2,'PEP-HOM-500','Pepper','Homebread','500g','Red',1.99,'F',True,19,False,NULL);
INSERT INTO "product" ("prod_id","cat_id","sku","prod_name","prod_brand","prod_size","colour","prod_price","location","is_available","available_quantity","is_discount","discount") VALUES (34,2,'CAR-HOM-1KG','Carrot','Homebread','1kg',NULL,2.50,'F',True,8,True,0.1);
INSERT INTO "product" ("prod_id","cat_id","sku","prod_name","prod_brand","prod_size","colour","prod_price","location","is_available","available_quantity","is_discount","discount") VALUES (35,2,'ONI-KTC-1KG','Onion','KTC','1kg',NULL,2.00,'F',True,5,True,0.1);
INSERT INTO "product" ("prod_id","cat_id","sku","prod_name","prod_brand","prod_size","colour","prod_price","location","is_available","available_quantity","is_discount","discount") VALUES (36,2,'SPI-HOM-500','Spinach','Homebread','500g','Green',2.50,'F',True,8,False,NULL);

INSERT INTO "product" ("prod_id","cat_id","sku","prod_name","prod_brand","prod_size","colour","prod_price","location","is_available","available_quantity","is_discount") VALUES (37,3,'KIN-50-400','Kingsmill 50/50','Kingsmill','400g',NULL,1.50,'A1-1',True,23,False);
INSERT INTO "product" ("prod_id","cat_id","sku","prod_name","prod_brand","prod_size","colour","prod_price","location","is_available","available_quantity","is_discount") VALUES (38,3,'KIN-WHI-400','Kingsmill White','Kingsmill','400g','White',1.20,'A1-1',True,15,False);
INSERT INTO "product" ("prod_id","cat_id","sku","prod_name","prod_brand","prod_size","colour","prod_price","location","is_available","available_quantity","is_discount") VALUES (39,3,'WAR-WHI-400','Warburtons White','Warburtons','400g','White',1.20,'A1-2',True,30,False);
INSERT INTO "product" ("prod_id","cat_id","sku","prod_name","prod_brand","prod_size","colour","prod_price","location","is_available","available_quantity","is_discount") VALUES (40,3,'WAR-WHL-400','Warburtons Wholemeal','Warburtons','400g','Brown',1.50,'A-2',True,25,False);

INSERT INTO "product" ("prod_id","cat_id","sku","prod_name","prod_brand","prod_size","colour","prod_price","location","is_available","available_quantity","is_discount","manufactured") VALUES (41,4,'EG-MD-12','Medium Eggs','Meadow Foods','12 Pack',NULL,1.50,'LA-1',True,30,False,'24.02.2021');
INSERT INTO "product" ("prod_id","cat_id","sku","prod_name","prod_brand","prod_size","colour","prod_price","location","is_available","available_quantity","is_discount","manufactured") VALUES (42,4,'EG-LG-12','Large Eggs','Meadow Foods','12 Pack',NULL,2.20,'LA-1',True,26,False,'23.02.2021');
INSERT INTO "product" ("prod_id","cat_id","sku","prod_name","prod_brand","prod_size","colour","prod_price","location","is_available","available_quantity","is_discount","manufactured") VALUES (43,4,'CH-MD-400','Mild Cheddar Cheese','Dairy Crest','400g',NULL,2.50,'LA-2',True,15,False,'22.02.2021');
INSERT INTO "product" ("prod_id","cat_id","sku","prod_name","prod_brand","prod_size","colour","prod_price","location","is_available","available_quantity","is_discount","manufactured") VALUES (44,4,'CH-MA-400','Mature Cheddar Cheese','Dairy Crest','400g',NULL,2.50,'LA-2',True,18,False,'25.02.2021');
INSERT INTO "product" ("prod_id","cat_id","sku","prod_name","prod_brand","prod_size","colour","prod_price","location","is_available","available_quantity","is_discount","manufactured") VALUES (45,4,'YOG-GR-500','Greek Yogurt','Dairy Crest','500g',NULL,1.75,'LA-3',True,16,False,'26.02.2021');
INSERT INTO "product" ("prod_id","cat_id","sku","prod_name","prod_brand","prod_size","colour","prod_price","location","is_available","available_quantity","is_discount","manufactured") VALUES (46,4,'MLK-WHL-1L','Whole Milk','Arla','1L','Blue',1.50,'LA-4',True,60,False,'25.02.2021');
INSERT INTO "product" ("prod_id","cat_id","sku","prod_name","prod_brand","prod_size","colour","prod_price","location","is_available","available_quantity","is_discount","manufactured") VALUES (47,4,'MLK-SS-1L','Semi-Skimmed Milk','Arla','1L','Green',1.50,'LA-4',True,54,False,'20.02.2021');
INSERT INTO "product" ("prod_id","cat_id","sku","prod_name","prod_brand","prod_size","colour","prod_price","location","is_available","available_quantity","is_discount","manufactured") VALUES (48,4,'MLK-SKI-1L','Skimmed Milk','Arla','1L','Red',1.20,'LA-4',True,30,False,'24.02.2021');
INSERT INTO "product" ("prod_id","cat_id","sku","prod_name","prod_brand","prod_size","colour","prod_price","location","is_available","available_quantity","is_discount","manufactured") VALUES (49,4,'MLK-SOY-1L','Soya Milk','Alpro','1L',NULL,1.80,'LA-4',True,23,False,'22.02.2021');
INSERT INTO "product" ("prod_id","cat_id","sku","prod_name","prod_brand","prod_size","colour","prod_price","location","is_available","available_quantity","is_discount","manufactured") VALUES (50,4,'YOG-MUL-SIN','Muller Corner','Muller','125g',NULL,0.80,'LA-3',False,0,False,'25.02.2021');

INSERT INTO "product" ("prod_id","cat_id","sku","prod_name","prod_brand","prod_size","prod_price","location","is_available","available_quantity","is_discount","manufactured") VALUES (52,5,'BAC-SM-WIL','Smoke Bacon','Wiltshire','200g',3.99,'RA-1',True,17,False,'18.02.2021');
INSERT INTO "product" ("prod_id","cat_id","sku","prod_name","prod_brand","prod_size","prod_price","location","is_available","available_quantity","is_discount","manufactured") VALUES (53,5,'BAC-USM-WIL','Unsmoked Bacon','Wiltshire','200g',3.99,'RA-1',True,16,False,'19.02.2021');
INSERT INTO "product" ("prod_id","cat_id","sku","prod_name","prod_brand","prod_size","prod_price","location","is_available","available_quantity","is_discount","manufactured") VALUES (54,5,'TRP-ORG-1L','Orange Juice','Tropicana','1L',2.00,'RA-2',True,15,False,'21.02.2021');
INSERT INTO "product" ("prod_id","cat_id","sku","prod_name","prod_brand","prod_size","prod_price","location","is_available","available_quantity","is_discount","manufactured") VALUES (55,5,'TRP-WTM-1L','Watermelon Juice','Tropicana','1L',2.00,'RA-2',True,12,False,'19.02.2021');
INSERT INTO "product" ("prod_id","cat_id","sku","prod_name","prod_brand","prod_size","prod_price","location","is_available","available_quantity","is_discount","manufactured") VALUES (56,5,'TRP-MAN-1L','Mango Juice','Tropicana','1L',2.00,'RA-2',True,5,False,'22.02.2021');

INSERT INTO "product" ("prod_id","cat_id","sku","prod_name","prod_brand","prod_size","colour","prod_price","location","is_available","available_quantity","is_discount","discount","manufactured") VALUES (57,6,'COL-TOT-MW','Colgate Total Mouthwash','Colgate','300ml','White',2.00,'B5-1',True,10,False,NULL,'09.07.2020');
INSERT INTO "product" ("prod_id","cat_id","sku","prod_name","prod_brand","prod_size","colour","prod_price","location","is_available","available_quantity","is_discount","discount","manufactured") VALUES (58,6,'LIS-TOT-MW','Listerine Total Care Mouthwash','Listerine','300ml','Blue',5.00,'B5-1',True,16,True,0.1,'17.11.2020');
INSERT INTO "product" ("prod_id","cat_id","sku","prod_name","prod_brand","prod_size","colour","prod_price","location","is_available","available_quantity","is_discount","discount","manufactured") VALUES (59,6,'COL-TOT-TP','Colgate Total','Colgate','125ml',NULL,2.00,'B5-2',True,13,False,NULL,'05.02.2020');
INSERT INTO "product" ("prod_id","cat_id","sku","prod_name","prod_brand","prod_size","colour","prod_price","location","is_available","available_quantity","is_discount","discount","manufactured") VALUES (60,6,'COL-TRI-TP','Colgate Triple Action','Colgate','125ml',NULL,2.99,'B5-2',True,6,True,0.1,'17.07.2020');
INSERT INTO "product" ("prod_id","cat_id","sku","prod_name","prod_brand","prod_size","colour","prod_price","location","is_available","available_quantity","is_discount","discount","manufactured") VALUES (61,6,'COL-WHI-TP','Colgate White','Colgate','125ml','White',2.99,'B5-2',False,0,False,NULL,'08.10.2020');
INSERT INTO "product" ("prod_id","cat_id","sku","prod_name","prod_brand","prod_size","colour","prod_price","location","is_available","available_quantity","is_discount","discount","manufactured") VALUES (62,6,'GIL-RZ-4','Razers','Gillete','4 Pack','Yellow',2.00,'B1-1',True,9,FALSE,NULL,'01.04.2020');
INSERT INTO "product" ("prod_id","cat_id","sku","prod_name","prod_brand","prod_size","colour","prod_price","location","is_available","available_quantity","is_discount","discount","manufactured") VALUES (63,6,'TRE-MST-SMP','TRESemme Moisture Shampoo','TRESemme','500ml','Red',5.50,'B2-1',True,9,False,NULL,'26.03.2020');
INSERT INTO "product" ("prod_id","cat_id","sku","prod_name","prod_brand","prod_size","colour","prod_price","location","is_available","available_quantity","is_discount","discount","manufactured") VALUES (64,6,'TRE-MST-CON','TRESemme Moisture Conditioner','TRESemme','500ml','Red',5.50,'B2-2',True,9,False,NULL,'27.03.2020');
INSERT INTO "product" ("prod_id","cat_id","sku","prod_name","prod_brand","prod_size","colour","prod_price","location","is_available","available_quantity","is_discount","discount","manufactured") VALUES (65,6,'HS-ANT-SMP','Head & Shoulders Anti-D Shampoo','H&S','400ml','Blue',3.50,'B2-1',True,5,False,NULL,'17.04.2020');
INSERT INTO "product" ("prod_id","cat_id","sku","prod_name","prod_brand","prod_size","colour","prod_price","location","is_available","available_quantity","is_discount","discount","manufactured") VALUES (66,6,'PAN-SMT-SMP','Pantene Smooth Shampoo','Pantene','500ml','White',5.00,'B2-1',True,13,False,NULL,'01.08.2020');
INSERT INTO "product" ("prod_id","cat_id","sku","prod_name","prod_brand","prod_size","colour","prod_price","location","is_available","available_quantity","is_discount","discount","manufactured") VALUES (67,6,'PAN-SMT-CON','Pantene Smooth Conditioner','Pantene','500ml','White',5.00,'B2-2',True,18,False,NULL,'23.05.2020');
INSERT INTO "product" ("prod_id","cat_id","sku","prod_name","prod_brand","prod_size","colour","prod_price","location","is_available","available_quantity","is_discount","discount","manufactured") VALUES (68,6,'DOV-INT-SMP','Dove Intensive Repair Shampoo','Dove','200ml','Blue',2.99,'B2-1',True,17,False,NULL,'04.08.2020');
INSERT INTO "product" ("prod_id","cat_id","sku","prod_name","prod_brand","prod_size","colour","prod_price","location","is_available","available_quantity","is_discount","discount","manufactured") VALUES (69,6,'DOV-INT-CON','Dove Intensive Repair Conditioner','Dove','200ml','Blue',2.99,'B2-2',True,4,False,NULL,'20.12.2020');
INSERT INTO "product" ("prod_id","cat_id","sku","prod_name","prod_brand","prod_size","colour","prod_price","location","is_available","available_quantity","is_discount","discount","manufactured") VALUES (70,6,'IMP-ARC-SWG','Imperial Leather Arctic Shower Gel','Imperial Leather','250ml','Blue',1.00,'B3-1',True,19,False,NULL,'15.12.2020');
INSERT INTO "product" ("prod_id","cat_id","sku","prod_name","prod_brand","prod_size","colour","prod_price","location","is_available","available_quantity","is_discount","discount","manufactured") VALUES (71,6,'IMP-FIJ-SWG','Imperial Leather Fijian Shower Gel','Imperial Leather','250ml','Purple',1.00,'B3-1',False,0,False,NULL,'23.09.2020');
INSERT INTO "product" ("prod_id","cat_id","sku","prod_name","prod_brand","prod_size","colour","prod_price","location","is_available","available_quantity","is_discount","discount","manufactured") VALUES (72,6,'DOV-NOR-BWS','Dove Nourishing Body Wash','Dove','300ml','Pink',2.00,'B3-1',True,15,False,NULL,'16.11.2020');
INSERT INTO "product" ("prod_id","cat_id","sku","prod_name","prod_brand","prod_size","colour","prod_price","location","is_available","available_quantity","is_discount","discount","manufactured") VALUES (73,6,'NIV-CAR-BWS','Nivea Caring Shower Cream','Nivea','300ml','Cream',3.00,'B3-1',True,15,False,NULL,'02.06.2020');
INSERT INTO "product" ("prod_id","cat_id","sku","prod_name","prod_brand","prod_size","colour","prod_price","location","is_available","available_quantity","is_discount","discount","manufactured") VALUES (74,6,'PMO-MH-SWG','Palmolive M&H Shower Gel','Palmolive','250ml','Cream',1.99,'B3-1',True,7,False,NULL,'12.10.2020');
INSERT INTO "product" ("prod_id","cat_id","sku","prod_name","prod_brand","prod_size","colour","prod_price","location","is_available","available_quantity","is_discount","discount","manufactured") VALUES (75,6,'RAD-CHA-BSK','Radox Chamomille Bath Soak','Radox','500ml','Purple',2.00,'B3-2',True,14,False,NULL,'15.08.2020');
INSERT INTO "product" ("prod_id","cat_id","sku","prod_name","prod_brand","prod_size","colour","prod_price","location","is_available","available_quantity","is_discount","discount","manufactured") VALUES (76,6,'RAD-MUS-BSK','Radox Muscle Bath Soak','Radox','500ml','Blue',2.00,'B3-2',True,12,False,NULL,'10.12.2020');
INSERT INTO "product" ("prod_id","cat_id","sku","prod_name","prod_brand","prod_size","colour","prod_price","location","is_available","available_quantity","is_discount","discount","manufactured") VALUES (77,6,'RAD-STR-BSK','Radox Stress Relief Bath Soak','Radox','500ml','Blue',2.00,'B3-2',True,8,False,NULL,'01.06.2020');
INSERT INTO "product" ("prod_id","cat_id","sku","prod_name","prod_brand","prod_size","colour","prod_price","location","is_available","available_quantity","is_discount","discount","manufactured") VALUES (78,6,'NIV-AP-DEO','Nivea Anti-Perspirant Deodorant','Nivea','125ml','Black',1.50,'B4-1',True,14,False,NULL,'07.04.2020');
INSERT INTO "product" ("prod_id","cat_id","sku","prod_name","prod_brand","prod_size","colour","prod_price","location","is_available","available_quantity","is_discount","discount","manufactured") VALUES (79,6,'DOV-INV-DEO','Dove Invisible Care Deodorant','Dove','125ml','White',1.80,'B4-1',True,10,False,NULL,'01.01.2021');
INSERT INTO "product" ("prod_id","cat_id","sku","prod_name","prod_brand","prod_size","colour","prod_price","location","is_available","available_quantity","is_discount","discount","manufactured") VALUES (80,6,'ALW-NIT-3','Always Platinum Night (Size 3) Pads','Always','16 Pack','Black',3.99,'B-1',True,15,False,NULL,'15.12.2020');
INSERT INTO "product" ("prod_id","cat_id","sku","prod_name","prod_brand","prod_size","colour","prod_price","location","is_available","available_quantity","is_discount","discount","manufactured") VALUES (81,6,'ALW-UNI-3','Always Ultra Night (Size 3) Pads','Always','24 Pack','Black',6.99,'B4-2',True,7,False,NULL,'28.02.2020');
INSERT INTO "product" ("prod_id","cat_id","sku","prod_name","prod_brand","prod_size","colour","prod_price","location","is_available","available_quantity","is_discount","discount","manufactured") VALUES (82,6,'ALW-UNL-1','Always Ultra Normal (Size 1) Pads','Always','8 Pack','Purple',2.00,'B4-2',False,0,False,NULL,'05.11.2020');
INSERT INTO "product" ("prod_id","cat_id","sku","prod_name","prod_brand","prod_size","colour","prod_price","location","is_available","available_quantity","is_discount","discount","manufactured") VALUES (83,6,'NIV-MAP-DEO','Nivea Men Anti-Perspirant Deodorant','Nivea','125ml','Red',2.00,'B4-2',True,11,False,NULL,'29.02.2020');
INSERT INTO "product" ("prod_id","cat_id","sku","prod_name","prod_brand","prod_size","colour","prod_price","location","is_available","available_quantity","is_discount","discount","manufactured") VALUES (84,6,'SUR-INV-DEO','Sure Invisible Deodorant','Sure','125ml','White',2.00,'B4-1',True,18,False,NULL,'20.02.2020');
INSERT INTO "product" ("prod_id","cat_id","sku","prod_name","prod_brand","prod_size","colour","prod_price","location","is_available","available_quantity","is_discount","discount","manufactured") VALUES (85,6,'LYN-COL-DEO','Lynx Collision Anti-perspirant','Lynx','200ml','Black',1.99,'B4-1',True,7,False,NULL,'09.06.2020');
INSERT INTO "product" ("prod_id","cat_id","sku","prod_name","prod_brand","prod_size","colour","prod_price","location","is_available","available_quantity","is_discount","discount","manufactured") VALUES (86,6,'NIV-SPF-20','Nivea SPF 20 Sun Suncream Spray','Nivea','200ml','Blue',4.50,'B4-1',True,15,False,NULL,'23.09.2020');
INSERT INTO "product" ("prod_id","cat_id","sku","prod_name","prod_brand","prod_size","colour","prod_price","location","is_available","available_quantity","is_discount","discount","manufactured") VALUES (87,6,'NIV-SPF-30','Nivea SPF 30 Sun Suncream Spray','Nivea','200ml','Blue',4.50,'B4-1',True,5,False,NULL,'20.03.2020');
INSERT INTO "product" ("prod_id","cat_id","sku","prod_name","prod_brand","prod_size","colour","prod_price","location","is_available","available_quantity","is_discount","discount","manufactured") VALUES (88,6,'NIV-SPF-50','Nivea SPF 50 Sun Suncream Spray','Nivea','200ml','Blue',4.50,'B4-1',True,3,False,NULL,'01.12.2020');
INSERT INTO "product" ("prod_id","cat_id","sku","prod_name","prod_brand","prod_size","colour","prod_price","location","is_available","available_quantity","is_discount","discount","manufactured") VALUES (89,6,'COL-TB-3','Colgate Toothbrush','Colgate','3 Pack','Multi',2.00,'B5-1',True,7,False,NULL,'07.04.2020');

INSERT INTO "product" ("prod_id","cat_id","sku","prod_name","prod_brand","prod_size","colour","prod_price","location","is_available","available_quantity","is_discount","manufactured") VALUES (90,7,'MRM-KIT-ANT','Mr Muscle Antibacterial Kitchen Spray','Mr Muscle','750ml',NULL,1.00,'B4-3',True,28,False,'25.01.2021');
INSERT INTO "product" ("prod_id","cat_id","sku","prod_name","prod_brand","prod_size","colour","prod_price","location","is_available","available_quantity","is_discount","manufactured") VALUES (91,7,'MRM-SHW-SHI','Mr Muscle Shower Shine Cleaner','Mr Muscle','750ml','White',1.00,'B4-3',True,10,False,'14.10.2020');
INSERT INTO "product" ("prod_id","cat_id","sku","prod_name","prod_brand","prod_size","colour","prod_price","location","is_available","available_quantity","is_discount","manufactured") VALUES (92,7,'MRM-GLS-CL','Mr Muscle Glass Cleaning Spray','Mr Muscle','750ml','Green',1.00,'B4-3',True,15,False,'24.10.2020');
INSERT INTO "product" ("prod_id","cat_id","sku","prod_name","prod_brand","prod_size","colour","prod_price","location","is_available","available_quantity","is_discount","manufactured") VALUES (93,7,'CB-LIM-750','Cillit Bang Limescale & Grime Spray','Cillit Bang','750ml',NULL,1.50,'B4-3',True,2,False,'01.09.2020');
INSERT INTO "product" ("prod_id","cat_id","sku","prod_name","prod_brand","prod_size","colour","prod_price","location","is_available","available_quantity","is_discount","manufactured") VALUES (94,7,'FLS-BTR-750','Flash Bathroom Cleaning Spray','Flash','750ml','Green',1.50,'B4-4',True,11,False,'15.05.2020');
INSERT INTO "product" ("prod_id","cat_id","sku","prod_name","prod_brand","prod_size","colour","prod_price","location","is_available","available_quantity","is_discount","manufactured") VALUES (95,7,'FLS-MUP-750','Flash Multi Purpose Cleaning Spray','Flash','750ml','Red',1.50,'B4-4',True,12,False,'16.12.2020');
INSERT INTO "product" ("prod_id","cat_id","sku","prod_name","prod_brand","prod_size","colour","prod_price","location","is_available","available_quantity","is_discount","manufactured") VALUES (96,7,'CIF-MUP-CRM','Cif Multipurpose Cream Lemon','Cif','500ml','Yellow',1.00,'B3-3',True,10,False,'06.02.2020');
INSERT INTO "product" ("prod_id","cat_id","sku","prod_name","prod_brand","prod_size","colour","prod_price","location","is_available","available_quantity","is_discount","manufactured") VALUES (97,7,'DET-ANT-LIM','Dettol Antibacterial Lime & Mint','Dettol','600ml','Yellow',1.90,'B3-3',False,0,False,'07.08.2020');
INSERT INTO "product" ("prod_id","cat_id","sku","prod_name","prod_brand","prod_size","colour","prod_price","location","is_available","available_quantity","is_discount","manufactured") VALUES (98,7,'DOM-BLE-1L','Domestos Bleach Original','Domestos','1L','Blue',1.29,'B2-3',True,15,False,'04.03.2020');
INSERT INTO "product" ("prod_id","cat_id","sku","prod_name","prod_brand","prod_size","colour","prod_price","location","is_available","available_quantity","is_discount","manufactured") VALUES (99,7,'FRY-TAB-16','Fairy Platinum Dishwasher Tablets Lemon','Fairy','16 Pack','Silver',5.00,'B1-3',True,2,False,'29.08.2020');
INSERT INTO "product" ("prod_id","cat_id","sku","prod_name","prod_brand","prod_size","colour","prod_price","location","is_available","available_quantity","is_discount","manufactured") VALUES (100,7,'FRY-ORG-520','Fairy Original Washing Up Liquid','Fairy','520ml','Green',1.00,'B2-4',True,27,False,'05.09.2020');
INSERT INTO "product" ("prod_id","cat_id","sku","prod_name","prod_brand","prod_size","colour","prod_price","location","is_available","available_quantity","is_discount","manufactured") VALUES (101,7,'FRY-CC-520','Fairy Clean & Care Washing Up Liquid','Fairy','520ml','Pink',1.00,'B2-4',True,28,False,'17.10.2020');
INSERT INTO "product" ("prod_id","cat_id","sku","prod_name","prod_brand","prod_size","colour","prod_price","location","is_available","available_quantity","is_discount","manufactured") VALUES (102,7,'BRI-PAD-6','Brillo Multi-Use Soap Pads','Brillo','6 Pack','Silver',1.99,'B1-4',True,12,False,'24.01.2021');
INSERT INTO "product" ("prod_id","cat_id","sku","prod_name","prod_brand","prod_size","colour","prod_price","location","is_available","available_quantity","is_discount","manufactured") VALUES (103,7,'HS-WUL-500','Happy Shopper Washing Up Liquid','Happy Shopper','500ml','Yellow',0.50,'B2-4',True,25,False,'31.05.2020');
INSERT INTO "product" ("prod_id","cat_id","sku","prod_name","prod_brand","prod_size","colour","prod_price","location","is_available","available_quantity","is_discount","manufactured") VALUES (104,7,'DIS-SPG-3','Dishmatic General Purpose Refills','Dishmatic','3 Pack','Yel/Green',2.50,'B1-4',True,22,False,'16.04.2020');

INSERT INTO "product" ("prod_id","cat_id","sku","prod_name","prod_brand","prod_size","colour","prod_price","location","is_available","available_quantity","is_discount","manufactured") VALUES (105,8,'BE-PEA-300','Birds Eye Garden Peas','Birds Eye','300g','Green',1.99,'X',True,30,False,'26.12.2020');
INSERT INTO "product" ("prod_id","cat_id","sku","prod_name","prod_brand","prod_size","colour","prod_price","location","is_available","available_quantity","is_discount","manufactured") VALUES (106,8,'BE-BEQ-4','Birds Eye Original Beef Quarter Pounders','Birds Eye','4 Pack','Green',1.50,'X',True,15,False,'26.12.2020');
INSERT INTO "product" ("prod_id","cat_id","sku","prod_name","prod_brand","prod_size","colour","prod_price","location","is_available","available_quantity","is_discount","manufactured") VALUES (107,8,'BE-ALP-200','Birds Eye Original Alphabites','Birds Eye','200g','Yellow',1.20,'X',True,17,False,'17.11.2020');
INSERT INTO "product" ("prod_id","cat_id","sku","prod_name","prod_brand","prod_size","colour","prod_price","location","is_available","available_quantity","is_discount","manufactured") VALUES (108,8,'BJ-CD-465','B&J Cookie Dough','Ben & Jerrys','465ml',NULL,5.00,NULL,True,12,False,'07.12.2020');
INSERT INTO "product" ("prod_id","cat_id","sku","prod_name","prod_brand","prod_size","colour","prod_price","location","is_available","available_quantity","is_discount","manufactured") VALUES (109,8,'BJ-CFB-465','B&J Chocolate Fudge Brownie','Ben & Jerrys','465ml',NULL,5.00,'X',True,14,False,'27.11.2020');
INSERT INTO "product" ("prod_id","cat_id","sku","prod_name","prod_brand","prod_size","colour","prod_price","location","is_available","available_quantity","is_discount","manufactured") VALUES (110,8,'AUB-POT-500','Aunt.B Roast Potatoes','Aunt Bessies','500g','Blue',3.00,'X',True,20,False,'20.12.2020');
INSERT INTO "product" ("prod_id","cat_id","sku","prod_name","prod_brand","prod_size","colour","prod_price","location","is_available","available_quantity","is_discount","manufactured") VALUES (111,8,'AUB-YOR-PD8','Aunt.B Golden Yorkshire Puddings','Aunt Bessies','8 Pack','Yellow',1.50,'X',True,7,False,'20.12.2020');
INSERT INTO "product" ("prod_id","cat_id","sku","prod_name","prod_brand","prod_size","colour","prod_price","location","is_available","available_quantity","is_discount","manufactured") VALUES (112,8,'MCC-FF-400','McCain Crispy French Fries','McCain','400g','Red',2.99,'X',True,5,False,'26.01.2021');
INSERT INTO "product" ("prod_id","cat_id","sku","prod_name","prod_brand","prod_size","colour","prod_price","location","is_available","available_quantity","is_discount","manufactured") VALUES (113,8,'CHT-CHE-2','Chicago T 2 Deep Dish Four Cheese Pizzas','Chicago Town','2 Pack',NULL,1.50,'X',True,14,False,'25.11.2020');
INSERT INTO "product" ("prod_id","cat_id","sku","prod_name","prod_brand","prod_size","colour","prod_price","location","is_available","available_quantity","is_discount","manufactured") VALUES (114,8,'CHT-PEP-2','Chicago T 2 Deep Dish Pepperoni Pizzas','Chicago Town','2 Pack',NULL,1.50,NULL,True,15,False,'18.01.2021');
INSERT INTO "product" ("prod_id","cat_id","sku","prod_name","prod_brand","prod_size","colour","prod_price","location","is_available","available_quantity","is_discount","manufactured") VALUES (115,8,'BE-STE-VEG','Birds Eye Steamfresh Mix','Birds Eye','400g',NULL,2.50,'X',True,16,False,'24.01.2021');
INSERT INTO "product" ("prod_id","cat_id","sku","prod_name","prod_brand","prod_size","colour","prod_price","location","is_available","available_quantity","is_discount","manufactured") VALUES (116,8,'YNG-PIE-4','Youngs Fisherman''s Pie','Youngs','4 Pack',NULL,2.00,'X',True,26,False,'14.11.2020');
INSERT INTO "product" ("prod_id","cat_id","sku","prod_name","prod_brand","prod_size","colour","prod_price","location","is_available","available_quantity","is_discount","manufactured") VALUES (117,8,'YNG-FIL-OM3','Youngs Breaded Omega 3 Fish Fillets','Youngs','350g',NULL,3.99,'X',True,6,False,'16.12.2020');
INSERT INTO "product" ("prod_id","cat_id","sku","prod_name","prod_brand","prod_size","colour","prod_price","location","is_available","available_quantity","is_discount","manufactured") VALUES (118,8,'BE-CHK-PIE','Birds Eye Chicken Pies','Birds Eye','2 Pack','Yellow',1.80,'X',True,12,False,'18.12.2020');
INSERT INTO "product" ("prod_id","cat_id","sku","prod_name","prod_brand","prod_size","colour","prod_price","location","is_available","available_quantity","is_discount","manufactured") VALUES (119,8,'EKS-ICE-1KG','Eskimo Ice Cubes','Eskimo','1kg',NULL,1.00,NULL,True,11,True,'17.01.2021');

INSERT INTO "product" ("prod_id","cat_id","sku","prod_name","prod_brand","prod_size","colour","prod_price","location","is_available","available_quantity","is_discount","manufactured") VALUES (120,9,'PEP-MAX-2L','Pepsi Max','Pepsi','2L','Black',2.50,'R-FR',True,17,False,'29.11.2020');
INSERT INTO "product" ("prod_id","cat_id","sku","prod_name","prod_brand","prod_size","colour","prod_price","location","is_available","available_quantity","is_discount","manufactured") VALUES (121,9,'COC-CLA-2L','Coca Cola Classic','Coca Cola','2L','Red',2.99,'R-FR',True,2,False,'28.11.2020');
INSERT INTO "product" ("prod_id","cat_id","sku","prod_name","prod_brand","prod_size","colour","prod_price","location","is_available","available_quantity","is_discount","manufactured") VALUES (122,9,'DR-PEP-2L','Dr. Pepper','Dr. Pepper','2L','Red',2.00,'R-FR',True,23,False,'11.11.2020');
INSERT INTO "product" ("prod_id","cat_id","sku","prod_name","prod_brand","prod_size","colour","prod_price","location","is_available","available_quantity","is_discount","manufactured") VALUES (123,9,'COC-DET-2L','Diet Coke','Coca Cola','2L','Silver',2.50,'R-FR',True,9,False,'28.12.2020');
INSERT INTO "product" ("prod_id","cat_id","sku","prod_name","prod_brand","prod_size","colour","prod_price","location","is_available","available_quantity","is_discount","manufactured") VALUES (124,9,'FAN-ORG-2L','Fanta Orange','Fanta','2L','Orange',2.50,'R-FR',True,10,False,'07.01.2021');
INSERT INTO "product" ("prod_id","cat_id","sku","prod_name","prod_brand","prod_size","colour","prod_price","location","is_available","available_quantity","is_discount","manufactured") VALUES (125,9,'FAN-FRT-2L','Fanta Fruit Twist','Fanta','2L','Red',2.50,'R-FR',True,27,False,'26.12.2020');
INSERT INTO "product" ("prod_id","cat_id","sku","prod_name","prod_brand","prod_size","colour","prod_price","location","is_available","available_quantity","is_discount","manufactured") VALUES (126,9,'SPR-LEM-2L','Sprite','Sprite','2L','Orange',1.99,'R-FR',True,18,False,'10.01.2021');
INSERT INTO "product" ("prod_id","cat_id","sku","prod_name","prod_brand","prod_size","colour","prod_price","location","is_available","available_quantity","is_discount","manufactured") VALUES (127,9,'RIB-BCS-1L','Ribena Blackcurrant Squash','Ribena','1L','Red',1.89,'R-FR',True,7,False,'22.01.2021');
INSERT INTO "product" ("prod_id","cat_id","sku","prod_name","prod_brand","prod_size","colour","prod_price","location","is_available","available_quantity","is_discount","manufactured") VALUES (128,9,'ROB-ORS-1L','Robinsons Orange Squash','Robinsons','1L','Orange',1.45,'R-FR',True,18,False,'17.01.2021');
INSERT INTO "product" ("prod_id","cat_id","sku","prod_name","prod_brand","prod_size","colour","prod_price","location","is_available","available_quantity","is_discount","manufactured") VALUES (129,9,'ROB-ABS-1L','Robinsons Apple & Blackcurrant','Robinsons','1L','Purple',1.45,'R-FR',True,13,False,'31.12.2020');
INSERT INTO "product" ("prod_id","cat_id","sku","prod_name","prod_brand","prod_size","colour","prod_price","location","is_available","available_quantity","is_discount","manufactured") VALUES (130,9,'ROB-PES-1L','Robinsons Fruit & Barley Peach','Robinsons','1L','Yellow',1.45,'R-FR',True,3,False,'28.12.2020');
INSERT INTO "product" ("prod_id","cat_id","sku","prod_name","prod_brand","prod_size","colour","prod_price","location","is_available","available_quantity","is_discount","manufactured") VALUES (131,9,'RUB-MAN-1L','Rubicon Mango Juice','Rubicon','1L','Blue',1.60,'R-FR',True,29,False,'02.01.2021');
INSERT INTO "product" ("prod_id","cat_id","sku","prod_name","prod_brand","prod_size","colour","prod_price","location","is_available","available_quantity","is_discount","manufactured") VALUES (132,9,'OSP-CRP-1L','Ocean Spray Cranberry Raspberry','Ocean Spray','1L',NULL,1.00,'R-FR',True,30,False,'17.12.2020');
INSERT INTO "product" ("prod_id","cat_id","sku","prod_name","prod_brand","prod_size","colour","prod_price","location","is_available","available_quantity","is_discount","manufactured") VALUES (133,9,'CAP-ORG-330','Capri-Sun Orange','Capri-Sun','330ml','Orange',0.90,'R-FR',False,0,False,'25.11.2020');
INSERT INTO "product" ("prod_id","cat_id","sku","prod_name","prod_brand","prod_size","colour","prod_price","location","is_available","available_quantity","is_discount","manufactured") VALUES (134,9,'LUC-OGN-1L','Lucozade Energy Original','Lucozade','1L','Red',1.50,'R-FR',True,16,False,'21.11.2020');
INSERT INTO "product" ("prod_id","cat_id","sku","prod_name","prod_brand","prod_size","colour","prod_price","location","is_available","available_quantity","is_discount","manufactured") VALUES (135,9,'LUC-ORG-1L','Lucozade Energy Orange','Lucozade','1L','Orange',1.50,'R-FR',True,4,False,'12.01.2021');
INSERT INTO "product" ("prod_id","cat_id","sku","prod_name","prod_brand","prod_size","colour","prod_price","location","is_available","available_quantity","is_discount","manufactured") VALUES (136,9,'LUC-MPA-500','Lucozade Sport Mango&Passion','Lucozade','500ml',NULL,1.20,'R-FR',True,5,False,'12.01.2021');
INSERT INTO "product" ("prod_id","cat_id","sku","prod_name","prod_brand","prod_size","colour","prod_price","location","is_available","available_quantity","is_discount","manufactured") VALUES (137,9,'MON-ULT-830','Monster Energy Ultra','Monster','830ml',NULL,2.19,'R-FR',True,7,False,'15.12.2020');
INSERT INTO "product" ("prod_id","cat_id","sku","prod_name","prod_brand","prod_size","colour","prod_price","location","is_available","available_quantity","is_discount","manufactured") VALUES (138,9,'EV-WTR-2L','Evian Still Natural Mineral Water','Evian','2L',NULL,1.90,'R-FR',True,19,False,'02.12.2020');
INSERT INTO "product" ("prod_id","cat_id","sku","prod_name","prod_brand","prod_size","colour","prod_price","location","is_available","available_quantity","is_discount","manufactured") VALUES (139,9,'VOL-SFS-15','Volvic SF Strawberry Flavoured Water','Volvic','1.5L',NULL,1.50,'R-FR',True,20,False,'14.01.2021');
INSERT INTO "product" ("prod_id","cat_id","sku","prod_name","prod_brand","prod_size","colour","prod_price","location","is_available","available_quantity","is_discount","manufactured") VALUES (140,9,'VOL-STW-15','Volvic Strawberry Flavoured Water','Volvic','1.5L',NULL,1.50,'R-FR',True,8,False,'13.12.2020');
INSERT INTO "product" ("prod_id","cat_id","sku","prod_name","prod_brand","prod_size","colour","prod_price","location","is_available","available_quantity","is_discount","manufactured") VALUES (141,9,'PEP-MAX-500','Pepsi Max','Pepsi','500ml','Black',1.00,'R-FR',True,9,False,'01.12.2020');
INSERT INTO "product" ("prod_id","cat_id","sku","prod_name","prod_brand","prod_size","colour","prod_price","location","is_available","available_quantity","is_discount","manufactured") VALUES (142,9,'COC-CLA-500','Coca Cola Classic','Coca Cola','500ml','Red',1.39,'R-FR',True,22,False,'21.11.2020');
INSERT INTO "product" ("prod_id","cat_id","sku","prod_name","prod_brand","prod_size","colour","prod_price","location","is_available","available_quantity","is_discount","manufactured") VALUES (143,9,'DR-PEP-500','Dr. Pepper','Dr. Pepper','500ml','Red',1.00,'R-FR',True,18,False,'07.12.2020');
INSERT INTO "product" ("prod_id","cat_id","sku","prod_name","prod_brand","prod_size","colour","prod_price","location","is_available","available_quantity","is_discount","manufactured") VALUES (144,9,'COC-DET-500','Diet Coke','Coca Cola','500ml','Silver',1.00,'R-FR',True,21,False,'09.01.2021');
INSERT INTO "product" ("prod_id","cat_id","sku","prod_name","prod_brand","prod_size","colour","prod_price","location","is_available","available_quantity","is_discount","manufactured") VALUES (145,9,'FAN-ORG-500','Fanta Orange','Fanta','500ml','Orange',1.00,'R-FR',True,8,False,'24.11.2020');
INSERT INTO "product" ("prod_id","cat_id","sku","prod_name","prod_brand","prod_size","colour","prod_price","location","is_available","available_quantity","is_discount","manufactured") VALUES (146,9,'FAN-FRT-500','Fanta Fruit Twist','Fanta','500ml',NULL,1.09,'R-FR',True,7,False,'15.12.2020');
INSERT INTO "product" ("prod_id","cat_id","sku","prod_name","prod_brand","prod_size","colour","prod_price","location","is_available","available_quantity","is_discount","manufactured") VALUES (147,9,'SPR-LEM-500','Sprite','Sprite','500ml',NULL,1.00,'R-FR',True,22,False,'20.01.2021');
INSERT INTO "product" ("prod_id","cat_id","sku","prod_name","prod_brand","prod_size","colour","prod_price","location","is_available","available_quantity","is_discount","manufactured") VALUES (148,9,'LUC-OGN-500','Lucozade Energy Original','Lucozade','500ml','Red',0.99,'R-FR',True,16,False,'21.11.2020');
INSERT INTO "product" ("prod_id","cat_id","sku","prod_name","prod_brand","prod_size","colour","prod_price","location","is_available","available_quantity","is_discount","manufactured") VALUES (149,9,'LUC-ORG-500','Lucozade Energy Orange','Lucozade','500ml','Orange',0.99,'R-FR',True,4,False,'12.01.2021');

INSERT INTO "product" ("prod_id","cat_id","sku","prod_name","prod_brand","prod_size","colour","prod_price","location","is_available","available_quantity","is_discount","manufactured") VALUES (150,10,'MAR-SIN-35','Mars Bar','Nestle','35g','Black',1.19,'RA-1',True,21,False,'03.12.2020');
INSERT INTO "product" ("prod_id","cat_id","sku","prod_name","prod_brand","prod_size","colour","prod_price","location","is_available","available_quantity","is_discount","manufactured") VALUES (151,10,'SNI-SIN-40','Snickers','Mars','40g','Brown',1.00,'RA-1',True,16,False,'09.12.2020');
INSERT INTO "product" ("prod_id","cat_id","sku","prod_name","prod_brand","prod_size","colour","prod_price","location","is_available","available_quantity","is_discount","manufactured") VALUES (152,10,'MKW-SIN-46','Milky Way','Mars','46g','Blue',0.99,'RA-1',True,13,False,'04.12.2020');
INSERT INTO "product" ("prod_id","cat_id","sku","prod_name","prod_brand","prod_size","colour","prod_price","location","is_available","available_quantity","is_discount","manufactured") VALUES (153,10,'BOU-SIN-50','Bounty','Bounty','50g','White',1.10,'RA-1',False,0,False,'09.12.2020');
INSERT INTO "product" ("prod_id","cat_id","sku","prod_name","prod_brand","prod_size","colour","prod_price","location","is_available","available_quantity","is_discount","manufactured") VALUES (154,10,'YOR-SIN-41','Yorkie','Nestle','41g','Blue',0.99,'RA-1',True,29,False,'27.12.2020');
INSERT INTO "product" ("prod_id","cat_id","sku","prod_name","prod_brand","prod_size","colour","prod_price","location","is_available","available_quantity","is_discount","manufactured") VALUES (155,10,'GAL-OG-SIN','Galaxy','Galaxy','35g','Brown',1.00,'RA-1',False,0,False,'17.11.2020');
INSERT INTO "product" ("prod_id","cat_id","sku","prod_name","prod_brand","prod_size","colour","prod_price","location","is_available","available_quantity","is_discount","manufactured") VALUES (156,10,'GAL-COK-SIN','Galaxy Cookie Crumble','Galaxy','50g','Brown',1.00,'RA-1',True,14,False,'09.12.2020');
INSERT INTO "product" ("prod_id","cat_id","sku","prod_name","prod_brand","prod_size","colour","prod_price","location","is_available","available_quantity","is_discount","manufactured") VALUES (157,10,'CDM-OG-SIN','Dairy Milk','Cadbury','50g','Purple',0.99,'RA-1',True,22,False,'03.12.2020');
INSERT INTO "product" ("prod_id","cat_id","sku","prod_name","prod_brand","prod_size","colour","prod_price","location","is_available","available_quantity","is_discount","manufactured") VALUES (158,10,'CDM-CAR-SIN','Dairy Milk Caramel','Cadbury','46g','Purple',1.10,'RA-1',True,19,False,'16.11.2020');
INSERT INTO "product" ("prod_id","cat_id","sku","prod_name","prod_brand","prod_size","colour","prod_price","location","is_available","available_quantity","is_discount","manufactured") VALUES (159,10,'CDM-FRN-SIN','Dairy Milk Fruit & Nut','Cadbury','57g','Purple',1.10,'RA-1',True,21,False,'18.12.2020');
INSERT INTO "product" ("prod_id","cat_id","sku","prod_name","prod_brand","prod_size","colour","prod_price","location","is_available","available_quantity","is_discount","manufactured") VALUES (160,10,'CDM-WHN-SIN','Dairy Milk Whole Nut','Cadbury','40g','Purple',1.10,'RA-1',True,17,False,'21.11.2020');
INSERT INTO "product" ("prod_id","cat_id","sku","prod_name","prod_brand","prod_size","colour","prod_price","location","is_available","available_quantity","is_discount","manufactured") VALUES (161,10,'MAL-OG-SIN','Malteasers','Mars','40g','Red',0.80,'RA-2',True,13,False,'12.11.2020');
INSERT INTO "product" ("prod_id","cat_id","sku","prod_name","prod_brand","prod_size","colour","prod_price","location","is_available","available_quantity","is_discount","manufactured") VALUES (162,10,'MIK-OG-SIN','Milkybar','Nestle','45g',NULL,0.90,'RA-2',True,13,False,'23.01.2021');
INSERT INTO "product" ("prod_id","cat_id","sku","prod_name","prod_brand","prod_size","colour","prod_price","location","is_available","available_quantity","is_discount","manufactured") VALUES (163,10,'AER-MIN-SIN','Aero Mint','Nestle','40g','Green',0.99,'RA-2',True,18,False,'17.01.2021');
INSERT INTO "product" ("prod_id","cat_id","sku","prod_name","prod_brand","prod_size","colour","prod_price","location","is_available","available_quantity","is_discount","manufactured") VALUES (164,10,'AER-OG-SIN','Aero Bubbles','Nestle','46g','Brown',0.99,'RA-2',True,25,False,'11.01.2021');
INSERT INTO "product" ("prod_id","cat_id","sku","prod_name","prod_brand","prod_size","colour","prod_price","location","is_available","available_quantity","is_discount","manufactured") VALUES (165,10,'CDM-EGG-SIN','Creme Egg','Cadbury','35g','Purple',0.80,'RA-2',True,1,False,'17.11.2020');
INSERT INTO "product" ("prod_id","cat_id","sku","prod_name","prod_brand","prod_size","colour","prod_price","location","is_available","available_quantity","is_discount","manufactured") VALUES (166,10,'SMT-OG-SIN','Smarties','Nestle','57g',NULL,1.00,'RA-2',True,19,False,'26.01.2021');
INSERT INTO "product" ("prod_id","cat_id","sku","prod_name","prod_brand","prod_size","colour","prod_price","location","is_available","available_quantity","is_discount","manufactured") VALUES (167,10,'GAL-COK-110','Galaxy Cookie Crumble','Galaxy','110g','Brown',1.50,'RA-3',False,0,False,'09.12.2020');
INSERT INTO "product" ("prod_id","cat_id","sku","prod_name","prod_brand","prod_size","colour","prod_price","location","is_available","available_quantity","is_discount","manufactured") VALUES (168,10,'CDM-OG-110','Dairy Milk','Cadbury','110g','Purple',1.50,'RA-3',True,22,False,'03.12.2020');
INSERT INTO "product" ("prod_id","cat_id","sku","prod_name","prod_brand","prod_size","colour","prod_price","location","is_available","available_quantity","is_discount","manufactured") VALUES (169,10,'CDM-CAR-110','Dairy Milk Caramel','Cadbury','110g','Purple',1.50,'RA-3',True,19,False,'16.11.2020');
INSERT INTO "product" ("prod_id","cat_id","sku","prod_name","prod_brand","prod_size","colour","prod_price","location","is_available","available_quantity","is_discount","manufactured") VALUES (170,10,'CDM-FRN-110','Dairy Milk Fruit & Nut','Cadbury','110g','Purple',1.50,'RA-3',True,21,False,'18.12.2020');
INSERT INTO "product" ("prod_id","cat_id","sku","prod_name","prod_brand","prod_size","colour","prod_price","location","is_available","available_quantity","is_discount","manufactured") VALUES (171,10,'CDM-WHN-110','Dairy Milk Whole Nut','Cadbury','110g','Purple',1.50,'RA-3',True,17,False,'21.11.2020');

